data,model,seq_len,pred_len,lr,mse,mae,val_mse,val_mae,train_mse,train_mae,training_time,rho
flu,transformer,156,52,0.001,41.796913146972656,2.214124917984009,14.798977851867676,1.4440191984176636,1.0183038711547852,0.4305712878704071,295.966979265213,0.7
