data,model,seq_len,pred_len,lr,mse,mae,val_mse,val_mae,train_mse,train_mae,training_time,rho
flu_enhanced,transformer,156,52,0.001,10.437840461730957,1.3186290264129639,1.4480997323989868,0.6679450869560242,0.9566086530685425,0.6685104370117188,151.40441632270813,0.4
flu_enhanced,transformer,156,52,0.001,10.723820686340332,1.3595664501190186,1.4729760885238647,0.6676231622695923,0.9532472491264343,0.6689364910125732,147.71394205093384,0.4
