data,model,seq_len,pred_len,lr,mse,mae,val_mse,val_mae,train_mse,train_mae,training_time,rho
flu_enhanced,transformer,156,52,0.001,2.640245199203491,1.0353097915649414,0.6497487425804138,0.544660210609436,0.5469670295715332,0.4826827645301819,22.711159467697144,0.0
flu_enhanced,transformer,156,52,0.001,2.9372575283050537,1.0740317106246948,0.6715055108070374,0.5470603704452515,0.5632616281509399,0.4880391061306,21.255486965179443,0.0
flu_enhanced,transformer,156,52,0.001,3.5547561645507812,1.1780760288238525,0.5921761989593506,0.5171407461166382,0.49622154235839844,0.45506083965301514,31.329948663711548,0.0
flu_enhanced,transformer,156,52,0.001,2.9922378063201904,1.1026781797409058,0.6360172629356384,0.5439550280570984,0.5973244905471802,0.5078783631324768,18.125879764556885,0.0
flu_enhanced,transformer,156,52,0.001,8.378775596618652,1.672188401222229,2.165719509124756,0.9997451901435852,0.48715126514434814,0.44981199502944946,25.055569648742676,0.0
flu_enhanced,transformer,512,52,0.001,13.75613784790039,2.394725799560547,2.729515314102173,1.1888071298599243,0.517562985420227,0.5108398199081421,27.081628799438477,0.0
flu_enhanced,transformer,512,52,0.001,4.9232635498046875,1.487915277481079,1.4382485151290894,0.8983069062232971,0.8459666967391968,0.6556911468505859,17.61750102043152,0.0
